<?xml version="1.0" encoding="UTF-8" standalone="no"?>
<root>
    <elem>
        <trigram>trigram</trigram>
        <type_of_data>typeofdata</type_of_data>
        <date_of_extraction>dateofext</date_of_extraction>
        <londonTypeObjectOne>
            <order>order</order>
            <order>boc</order>
            <internal_order>intern_order</internal_order>
            <order_status>
                <indicator>indicator</indicator>
                <status>status</status>
            </order_status>
        </londonTypeObjectOne>
    </elem>
    <elem>
        <trigram>trigram2</trigram>
        <type_of_data>typeofdata2</type_of_data>
        <date_of_extraction>dateofext2</date_of_extraction>
        <londonTypeObjectOne>
            <order>order2</order>
            <order>boc2</order>
            <internal_order>intern_order2</internal_order>
            <order_status>
                <indicator>indicator2</indicator>
                <status>status2</status>
            </order_status>
        </londonTypeObjectOne>
    </elem>
</root>